---------------THEM DU LIEU---------------
USE QLNH
SET DATEFORMAT DMY

-----NGUYỄN KHÁNH ĐĂNG-----
---THEM THONG TIN PHONG BAN---
GO 
INSERT INTO PHONGBAN(MAPB, TENPB)
VALUES (1,N'CSKH'),
		(2,N'HÀNH CHÍNH'),
		(3,N'KẾ TOÁN')

---THEM THONG TIN CHI NHANH
GO
INSERT INTO CHINHANH(MACN, TENCN, DIACHICN, SDTCN)
VALUES ('CN01', N'MindLess-HCM', N'Hồ Chí Minh', 0911234567),
		('CN02', N'MindLess-HN', N'Hà Nội', 0988765432),
		('CN03', N'MindLess-QN', N'Quảng Ninh', 0902345678)

---THEM THONG TIN NOI QUY---
GO 
INSERT INTO NOIQUY(MANQ, TIEUDE, MOTA, NGAYBH, LOAIAPDUNG)
VALUES ('NQ001', N'ĐI TRỄ', N'BỊ PHẠT NẾU ĐI TRỄ QUÁ 15 PHÚT', '14/02/2007', N'NHÂN VIÊN'),
		('NQ002', N'KHÔNG SỬ DỤNG ĐIỆN THOẠI', N'BỊ PHẠT NẾU SỬ DỤNG ĐIỆN THOẠI TRONG GIỜ LÀM VIỆC', '23/08/2007', N'NHÂN VIÊN'),
		('NQ003', N'NGHỈ KHÔNG PHÉP', N'BỊ PHẠT NẾU VẮNG MẶT MÀ KHÔNG CÓ SỰ CHO PHÉP CỦA CẤP TRÊN', '05/11/2007', N'NHÂN VIÊN'),
		('NQ004', N'VI PHẠM BẢO MẬT CỦA CÔNG TY', N'BỊ PHẠT NẾU LÀM LỘ THÔNG TIN QUAN TRỌNG CỦA CÔNG TY', '30/06/2007', N'NHÂN VIÊN'),
		('NQ005', N'GÂY RỐI, MẤT TRẬT TỰ', N'TỪ CHỐI PHỤC VỤ Ở CHI NHÁNH HIỆN TẠI VÀ CÁC CHI NHÁNH KHÁC', '12/12/2007', N'KHÁCH HÀNG')

---THEM THONG TIN NHAN VIEN---
GO
INSERT INTO NHANVIEN(MANV, TENNV, GIOITINH, NGAYSINH, CHUC, LUONG, DIACHI, SDT, MAPB, MACN)
VALUES ('NV0001',N'Nguyễn Văn An', N'NAM', '12/01/1990', N'LỄ TÂN', 15000000, N'25 Lý Thường Kiệt', 0987654321, 1,'CN01'),
		('NV0002',N'Trần Thị Mai', N'NỮ', '25/06/1985', N'THÔNG DỊCH VIÊN', 18000000, N'72 Phan Đình Phùng', 0912345678, 2,'CN02'),
		('NV0003',N'Lê Minh Tuấn', N'NAM', '08/03/2000', N'IT', 25000000, N'10 Trần Hưng Đạo', 0968112233, 3,'CN03'),
		('NV0004',N'Phạm Hồng Nhung', N'NỮ', '19/07/1995', N'LỄ TÂN', 15000000, N'5 Nguyễn Du', 0909876543, 2,'CN03'),
		('NV0005',N'Đặng Quang Huy', N'NAM', '30/10/1978', N'ĐẦU TƯ', 20000000, N'45 Hoàng Hoa Thám', 0977223344, 1,'CN02')

---THEM THONG TIN VI PHAM---
GO
INSERT INTO VIPHAM(MAVP, MANQ, MANV, MAKH, NGAYVP, MOTAVP, HINHTHUCXL, TRANGTHAIXL)
VALUES ('VP001', 'NQ001', 'NV0004' , null, '07/04/2017', N'ĐI TRỄ', N'PHẠT NỬA NGÀY LƯƠNG', N'ĐÃ XỬ LÝ'),
		('VP002', 'NQ003', 'NV0001' , null, '15/09/2018', N'NGHỈ KHÔNG PHÉP', N'PHẠT BA NGÀY LƯƠNG', N'ĐÃ XỬ LÝ'),
		('VP003', 'NQ002', 'NV0003' , null, '22/11/2021', N'SỬ DỤNG ĐIỆN THOẠI', N'PHẠT 1 NGÀY LƯƠNG', N'CHƯA XỬ LÝ')






		