---------------THEM DU LIEU---------------
use master
GO
USE QLNH
SET DATEFORMAT DMY

-----NGUYỄN KHÁNH ĐĂNG-----
---THEM THONG TIN PHONG BAN---
GO 
INSERT INTO PHONGBAN(MAPB, TENPB)
VALUES (1,N'CSKH'),
		(2,N'HÀNH CHÍNH'),
		(3,N'KẾ TOÁN')

---THEM THONG TIN CHI NHANH
GO
INSERT INTO CHINHANH(MACN, TENCN, DIACHICN, SDTCN)
VALUES ('CN01', N'MindLess-HCM', N'Hồ Chí Minh', 0911234567),
		('CN02', N'MindLess-HN', N'Hà Nội', 0988765432),
		('CN03', N'MindLess-QN', N'Quảng Ninh', 0902345678)

---THEM THONG TIN NOI QUY---
GO 
INSERT INTO NOIQUY(MANQ, TIEUDE, MOTA, NGAYBH, LOAIAPDUNG)
VALUES ('NQ001', N'ĐI TRỄ', N'BỊ PHẠT NẾU ĐI TRỄ QUÁ 15 PHÚT', '14/02/2007', N'NHÂN VIÊN'),
		('NQ002', N'KHÔNG SỬ DỤNG ĐIỆN THOẠI', N'BỊ PHẠT NẾU SỬ DỤNG ĐIỆN THOẠI TRONG GIỜ LÀM VIỆC', '23/08/2007', N'NHÂN VIÊN'),
		('NQ003', N'NGHỈ KHÔNG PHÉP', N'BỊ PHẠT NẾU VẮNG MẶT MÀ KHÔNG CÓ SỰ CHO PHÉP CỦA CẤP TRÊN', '05/11/2007', N'NHÂN VIÊN'),
		('NQ004', N'VI PHẠM BẢO MẬT CỦA CÔNG TY', N'BỊ PHẠT NẾU LÀM LỘ THÔNG TIN QUAN TRỌNG CỦA CÔNG TY', '30/06/2007', N'NHÂN VIÊN'),
		('NQ005', N'GÂY RỐI, MẤT TRẬT TỰ', N'TỪ CHỐI PHỤC VỤ Ở CHI NHÁNH HIỆN TẠI VÀ CÁC CHI NHÁNH KHÁC', '12/12/2007', N'KHÁCH HÀNG')
---THEM THONG TIN NHAN VIEN---
GO
INSERT INTO NHANVIEN(MANV, TENNV, GIOITINH, NGAYSINH, CHUC, LUONG, DIACHI, SDT, MAPB, MACN)
VALUES ('NV0001',N'Nguyễn Văn An', N'NAM', '12/01/1990', N'LỄ TÂN', 15000000, N'25 Lý Thường Kiệt', 0987654321, 1,'CN01'),
		('NV0002',N'Trần Thị Mai', N'NỮ', '25/06/1985', N'THÔNG DỊCH VIÊN', 18000000, N'72 Phan Đình Phùng', 0912345678, 2,'CN02'),
		('NV0003',N'Lê Minh Tuấn', N'NAM', '08/03/2000', N'IT', 25000000, N'10 Trần Hưng Đạo', 0968112233, 3,'CN03'),
		('NV0004',N'Phạm Hồng Nhung', N'NỮ', '19/07/1995', N'LỄ TÂN', 15000000, N'5 Nguyễn Du', 0909876543, 2,'CN03'),
		('NV0005',N'Đặng Quang Huy', N'NAM', '30/10/1978', N'ĐẦU TƯ', 20000000, N'45 Hoàng Hoa Thám', 0977223344, 1,'CN02')

---THEM THONG TIN VI PHAM---
GO
INSERT INTO VIPHAM(MAVP, MANQ, MANV, MAKH, NGAYVP, MOTAVP, HINHTHUCXL, TRANGTHAIXL)
VALUES ('VP001', 'NQ001', 'NV0004' , null, '07/04/2017', N'ĐI TRỄ', N'PHẠT NỬA NGÀY LƯƠNG', N'ĐÃ XỬ LÝ'),
		('VP002', 'NQ003', 'NV0001' , null, '15/09/2018', N'NGHỈ KHÔNG PHÉP', N'PHẠT BA NGÀY LƯƠNG', N'ĐÃ XỬ LÝ'),
		('VP003', 'NQ002', 'NV0003' , null, '22/11/2021', N'SỬ DỤNG ĐIỆN THOẠI', N'PHẠT 1 NGÀY LƯƠNG', N'CHƯA XỬ LÝ')



-----LÊ NGUYÊN VĨ-----
---THÔNG TIN CHO BẢNG KHÁCH HÀNG
GO
INSERT INTO KHACHHANG(MAKH, TENKH, GIOITINH, CCCD, SDT, EMAIL, DIACHI, QUOCTICH, DOITUONG, NGAYTAO)
VALUES ('KH001', N'Nguyễn Thị Diễm My', N'NỮ', '097462957024', '0973125426', N'diemmy123@gmail.com', N'48 Hoàng Hữu Nam', N'Việt Nam', N'Cá Nhân', '25/07/2018 14:31:17'),
		('KH002', N'John Wick', N'NAM', '084652644936', '0384635275', N'jwick472@gmail.com', N'54 Phạm Ngũ Lão', N'Hoa Kỳ', N'Cá Nhân', '07/07/2022 10:29:20'),
		('KH003', N'Trịnh Thanh Tùng', N'NAM', '045457346454', '0375648675', N'tungsmile572@gmail.com', N'9 Hoàng Hoa Thám', N'Việt Nam', N'Cá Nhân', '13/08/2022 17:17:17')

---THÔNG TIN CHO BẢNG LOẠI TÀI KHOẢN
GO
INSERT INTO LOAITAIKHOAN(MALOAITK, CHITIET)
VALUES ('LOAITK01', N'Tiết Kiệm'),
		('LOAITK02', N'Vay'),
		('LOAITK03', N'Thanh Toán')

---THÔNG TIN CHO BẢNG LOẠI TIỀN TỆ
GO
INSERT INTO LOAITIEN(MALOAITIEN, TENLOAITIEN, KYHIEU, QUOCGIA, TRANGTHAI)
VALUES ('LOAITT01', N'Việt Nam Đồng', N'đ', N'Việt Nam', N'Còn Hoạt Động'),
		('LOAITT02', N'Đô La Mỹ', N'USD', N'Hoa Kỳ', N'Còn Hoạt Động')

---THÔNG TIN CHO BẢNG TÀI KHOẢN
GO
INSERT INTO TAIKHOAN(MATK, MAKH, SOTAIKHOAN, MALOAITK, SODU, MALOAITIEN, NGAYMOTK, TRANGTHAI)
VALUES ('TK001', 'KH001', '0294735291', 'LOAITK01', 9000000, 'LOAITT01', '25/07/2018 15:30:56', N'Hoạt Động'),
		('TK002', 'KH002', '0387474325', 'LOAITK01', 4000, 'LOAITT02', '07/07/2022 10:45:37', N'Hoạt Động'),
		('TK003', 'KH003', '0746624847', 'LOAITK02', 20000000, 'LOAITT01', '13/08/2022 17:30:28', N'Hoạt Động')

---THÔNG TIN CHO BẢNG GIAO DỊCH
GO
INSERT INTO GIAODICH(MAGD, MATK, LOAIGD, SOTIEN, THOIGIANGD, MOTA, TRANGTHAI)
VALUES ('GD001', 'TK001', N'Chuyển Tiền', 3000000, '18/03/2019 8:30:21', N'Tiền mua điện thoại', N'Thành Công'),
		('GD002', 'TK002', N'Thanh Toán', 2, '09/011/2022 08:45:33', N'Tiền mua cà phê', N'Thành Công')

---THÔNG TIN CHO BẢNG BIÊN LAI
GO
INSERT INTO BIENLAI(MABL, MAGD, MAKH, MATK, MANV, SOTIEN, MALOAITIEN, LOAIBL, MOTA, TRANGTHAI)
VALUES ('BL001', 'GD001', 'KH001', 'TK001', 'NV0001', 3000000, 'LOAITT01', N'', N'In biên lai', N'Chưa in'),
		('BL002', 'GD002', 'KH002', 'TK002', 'NV0004', 2, 'LOAITT02', N'', N'In biên lai', N'Chưa in')

--CHUYEN KHOAN
GO
INSERT INTO CHUYENKHOAN(MACK, NGAYCK, SOTIEN, MATKGUI, MATKNHAN, NOIDUNG)
VALUES 
('CK001', '01/05/2025', 5000000, 'TK001', 'TK002', N'Thanh toán tiền hàng'),
('CK002', '03/05/2025', 2500000, 'TK003', 'TK001', N'Chuyển tiền cho bạn'),
('CK003', '05/05/2025', 10000000, 'TK002', 'TK001', N'Chuyển trả nợ vay');

--LAISUAT
GO
INSERT INTO LAISUAT(MALAISUAT, TENLOAIVAY, LAISUAT)
VALUES 
('LS001', N'Vay tiêu dùng', 10),
('LS002', N'Vay mua nhà', 8),
('LS003', N'Vay mua xe', 9);

--KHOAN VAY
GO
INSERT INTO KHOANVAY(MAVAY, SOTIENVAY, SOTIENLAI, NGAYVAY, THOIHAN, TRANGTHAI, MAKH, MALAISUAT)
VALUES 
('VAY001', 20000000,2000000000, '01/04/2025', '20/04/2025', N'Đang vay', 'KH001', 'LS001'),
('VAY002', 10000000,100000000, '15/03/2025', '15/05/2025', N'Đã trả xong', 'KH002', 'LS002'),
('VAY003', 5000000,50000000, '20/05/2025', '20/11/2025', N'Đang vay', 'KH003', 'LS001');

--LICH SU TRA NO
GO
INSERT INTO LICHSUTRANO(MALICHSU,MAVAY,SOTIENGOC, SOTIENTRA, NGAYTRA)
VALUES 
('LS001', 'VAY001',5000000, 5000000, '01/05/2025'),
('LS002', 'VAY002',10000000, 10000000, '01/04/2025'),
('LS003', 'VAY001',3000000, 3000000, '01/06/2025');

--KHUYEN MAI
GO
INSERT INTO KHUYENMAI(MAKM, TENKM, MOTA, NGAYBD, NGAYKT, DKAPDUNG)
VALUES 
('KM001', N'Mừng năm mới', N'Giảm lãi suất cho khoản vay mới', '01/01/2025', '31/01/2025', N'Vay trên 10 triệu'),
('KM002', N'Khách hàng thân thiết', N'Tặng quà tri ân', '01/04/2025', '30/06/2025', N'Giao dịch trên 5 lần/tháng'),
('KM003', N'Khai trương chi nhánh mới', N'Tặng 200K vào tài khoản', '01/05/2025', '15/05/2025', N'Khách hàng đăng ký mới');

--AP DUNG KHUYEN MAI
GO
INSERT INTO APDUNGKHUYENMAI(MAKM, MAKH, MATK, NGAYAPDUNG) 
VALUES 
('KM001', 'KH001', 'TK001', '02/01/2025'),
('KM002', 'KH002', 'TK002', '10/05/2025'),
('KM003', 'KH003', 'TK003', '02/05/2025');

--LOGIN
GO
INSERT INTO DANGNHAP(MADN,PASS,QUYEN,MANV)
VALUES
('admin01', 'admin@123', 'ADMIN', 'NV0003'),
('anlt', 'an@123', 'NHANVIEN', 'NV0001');